job_id,service_category,service_subtype,zip_code,booking_month,job_description,estimate_lo,estimate_hi,original_estimate,final_price,deadline,complexity,scope_size,urgency,cat_Auto,cat_Chimney,cat_Cleaning,cat_Electrical,cat_Exterior,cat_Flooring,cat_General Contractor,cat_HVAC,cat_Handyman,cat_Landscaping,cat_Moving,cat_Painting,cat_Pest Control,cat_Plumbing,cat_Pool,cat_Remodeling,cat_Roofing,deadline_I'm flexible,deadline_Within 1 month,deadline_Within 1-2 weeks,booking_month_numeric,interval_width,interval_width_ratio,cat_is_prod,price_is_high,interval_is_wide,price_ratio
job_000000,Plumbing,Fixture Installation,34365,2026-01,Install new water heater,94,1165,629,717.0,I'm flexible,medium,medium,routine,False,False,False,False,False,False,False,False,False,False,False,False,False,True,False,False,False,True,False,False,1,1071,11.393616900067906,1,0,0,0.8772663865031152
job_000001,Flooring,Flooring,50056,2026-03,Flooring,227,1559,893,765.0,Within 1-2 weeks,medium,medium,routine,False,False,False,False,False,True,False,False,False,False,False,False,False,False,False,False,False,False,False,True,3,1332,5.867841383842109,0,0,0,1.1673202599119996
job_000005,Appliance Repair,Appliance Repair,14708,2026-04,Appliance Repair,245,1520,882,970.0,I'm flexible,medium,medium,routine,False,False,False,False,False,False,False,False,False,False,False,False,False,False,False,False,False,True,False,False,4,1275,5.204081611411912,0,0,0,0.9092783495780635
job_000006,Landscaping,Landscaping,30092,2026-04,Landscaping,208,1804,1006,989.0,I'm flexible,medium,medium,routine,False,False,False,False,False,False,False,False,False,True,False,False,False,False,False,False,False,True,False,False,4,1596,7.673076886187131,1,0,0,1.0171890788501627
job_000007,Pool,Pool,10114,2026-04,Pool,166,2370,1268,1393.0,Within 1 month,medium,medium,routine,False,False,False,False,False,False,False,False,False,False,False,False,False,False,True,False,False,False,True,False,4,2204,13.277108353752359,0,0,0,0.9102656131297446
job_000009,Electrical,Lighting,96098,2026-04,Install new outlets in kitchen,133,2111,1122,943.0,As soon as possible,medium,medium,routine,False,False,False,True,False,False,False,False,False,False,False,False,False,False,False,False,False,False,False,False,4,1978,14.872180339306915,1,0,0,1.1898197230224605
job_000011,Pest Control,Termites,61378,2026-02,"Bed bug heat treatment, 2BR apartment",294,2239,1266,1086.0,As soon as possible,medium,medium,routine,False,False,False,False,False,False,False,False,False,False,False,False,True,False,False,False,False,False,False,False,2,1945,6.615646236001203,0,0,0,1.1657458552801603
job_000012,Exterior,Exterior,18498,2026-01,Exterior,556,3377,1966,2023.0,Within 1 month,medium,medium,routine,False,False,False,False,True,False,False,False,False,False,False,False,False,False,False,False,False,False,True,False,1,2821,5.0737409980688115,1,0,0,0.9718240232467503
job_000014,Plumbing,Leak Repair,40998,2026-04,Fix leaking bathroom faucet,114,1401,757,900.0,Within 1-2 weeks,medium,medium,routine,False,False,False,False,False,False,False,False,False,False,False,False,False,True,False,False,False,False,False,True,4,1287,11.289473585180057,1,0,0,0.8411111101765432
job_000015,Auto,Auto,62585,2026-03,Auto,179,2282,1230,1211.0,As soon as possible,medium,medium,routine,True,False,False,False,False,False,False,False,False,False,False,False,False,False,False,False,False,False,False,False,3,2103,11.748603286320652,0,0,0,1.0156895119606197
job_000016,Remodeling,Remodeling,69609,2026-02,Remodeling,219,1907,1063,987.0,Within 1 month,medium,medium,routine,False,False,False,False,False,False,False,False,False,False,False,False,False,False,False,True,False,False,True,False,2,1688,7.707762521882363,0,0,0,1.0770010120800395
job_000019,Flooring,Flooring,74678,2026-01,Flooring,244,2093,1168,1357.0,Within 1-2 weeks,medium,medium,routine,False,False,False,False,False,True,False,False,False,False,False,False,False,False,False,False,False,False,False,True,1,1849,7.577868821402177,0,0,0,0.860722180647957
job_000020,HVAC,AC Repair,79331,2026-03,AC unit repair and maintenance,152,2598,1375,1531.0,Within 1 month,medium,medium,routine,False,False,False,False,False,False,False,True,False,False,False,False,False,False,False,False,False,False,True,False,3,2446,16.09210515728878,1,0,0,0.898105812607377
job_000022,Electrical,Outlet Installation,31253,2026-04,Repair faulty electrical panel,119,2460,1289,1141.0,Within 1-2 weeks,medium,medium,routine,False,False,False,True,False,False,False,False,False,False,False,False,False,False,False,False,False,False,False,True,4,2341,19.672268742249845,1,0,0,1.1297107790274226
job_000023,Moving,Moving,94355,2026-02,Moving,165,1801,983,971.0,Within 1 month,medium,medium,routine,False,False,False,False,False,False,False,False,False,False,True,False,False,False,False,False,False,False,True,False,2,1636,9.915151455059688,0,0,0,1.0123583923662633
job_000024,Remodeling,Remodeling,77985,2026-03,Remodeling,205,1629,917,772.0,Within 1 month,medium,medium,routine,False,False,False,False,False,False,False,False,False,False,False,False,False,False,False,True,False,False,True,False,3,1424,6.946341429530042,0,0,0,1.1878238326582593
job_000025,General Contractor,General Contractor,94392,2026-01,General Contractor,900,9922,5411,5778.0,Within 1-2 weeks,medium,medium,routine,False,False,False,False,False,False,True,False,False,False,False,False,False,False,False,False,False,False,False,True,1,9022,10.024444433306172,0,0,1,0.9364832120220693
job_000027,Chimney,Chimney,42419,2026-02,Chimney,151,2414,1282,1450.0,Within 1 month,medium,medium,routine,False,True,False,False,False,False,False,False,False,False,False,False,False,False,False,False,False,False,True,False,2,2263,14.986754867637385,0,0,0,0.8841379304247324
job_000029,Auto,Auto,69428,2026-04,Auto,246,1863,1054,857.0,I'm flexible,medium,medium,routine,True,False,False,False,False,False,False,False,False,False,False,False,False,False,False,False,False,True,False,False,4,1617,6.573170704987111,0,0,0,1.2298716438391228
job_000032,Appliance Repair,Appliance Repair,45296,2026-03,Appliance Repair,227,2067,1147,1183.0,Within 1-2 weeks,medium,medium,routine,False,False,False,False,False,False,False,False,False,False,False,False,False,False,False,False,False,False,False,True,3,1840,8.105726836538649,0,0,0,0.9695688918262307
job_000033,Chimney,Chimney,68264,2026-02,Chimney,167,1530,848,727.0,Within 1-2 weeks,medium,medium,routine,False,True,False,False,False,False,False,False,False,False,False,False,False,False,False,False,False,False,False,True,2,1363,8.161676597834273,0,0,0,1.1664374124258083
job_000036,HVAC,Furnace Maintenance,44146,2026-03,Install new thermostat,173,2704,1438,1381.0,I'm flexible,medium,medium,routine,False,False,False,False,False,False,False,True,False,False,False,False,False,False,False,False,False,True,False,False,3,2531,14.630057718901401,1,0,0,1.0412744380584544
job_000037,Electrical,Wiring,23172,2026-03,Repair faulty electrical panel,184,1669,926,761.0,Within 1 month,medium,medium,routine,False,False,False,True,False,False,False,False,False,False,False,False,False,False,False,False,False,False,True,False,3,1485,8.070652130050803,1,0,0,1.216819972119816
job_000038,Electrical,Panel Upgrade,49983,2026-04,Repair faulty electrical panel,117,1598,857,813.0,As soon as possible,medium,medium,routine,False,False,False,True,False,False,False,False,False,False,False,False,False,False,False,False,False,False,False,False,4,1481,12.658119549930602,1,0,0,1.054120539908831
job_000039,Flooring,Flooring,18781,2026-03,Flooring,184,1637,910,762.0,Within 1 month,medium,medium,routine,False,False,False,False,False,True,False,False,False,False,False,False,False,False,False,False,False,False,True,False,3,1453,7.896739087517722,0,0,0,1.1942257202175515
job_000041,Auto,Auto,97219,2026-01,Auto,171,1529,850,842.0,Within 1-2 weeks,medium,medium,routine,True,False,False,False,False,False,False,False,False,False,False,False,False,False,False,False,False,False,False,True,1,1358,7.941520421394618,0,0,0,1.0095011864495236
job_000044,Remodeling,Remodeling,66913,2026-03,Remodeling,220,1564,892,934.0,I'm flexible,medium,medium,routine,False,False,False,False,False,False,False,False,False,False,False,False,False,False,False,True,False,True,False,False,3,1344,6.109090881322314,0,0,0,0.9550321188918286
job_000047,Moving,Moving,63390,2026-04,Moving,204,1899,1051,978.0,I'm flexible,medium,medium,routine,False,False,False,False,False,False,False,False,False,False,True,False,False,False,False,False,False,True,False,False,4,1695,8.308823488682238,0,0,0,1.07464212569055
job_000048,Pest Control,General,94392,2026-04,Termite inspection and treatment,298,1534,916,946.0,Within 1-2 weeks,medium,medium,routine,False,False,False,False,False,False,False,False,False,False,False,False,True,False,False,False,False,False,False,True,4,1236,4.1476509927931176,0,0,0,0.9682875254035016
job_000049,Roofing,Roofing,20771,2026-03,Roofing,238,1589,913,776.0,As soon as possible,medium,medium,routine,False,False,False,False,False,False,False,False,False,False,False,False,False,False,False,False,True,False,False,False,3,1351,5.676470564384577,0,0,0,1.1765463902364093
job_000050,Flooring,Flooring,75507,2026-03,Flooring,151,2457,1304,1291.0,Within 1 month,medium,medium,routine,False,False,False,False,False,True,False,False,False,False,False,False,False,False,False,False,False,False,True,False,3,2306,15.271523077672033,0,0,0,1.0100697126180713
job_000051,Chimney,Chimney,23070,2026-03,Chimney,243,1729,986,851.0,I'm flexible,medium,medium,routine,False,True,False,False,False,False,False,False,False,False,False,False,False,False,False,False,False,True,False,False,3,1486,6.11522631228302,0,0,0,1.158636896405832
job_000052,Auto,Auto,23916,2026-01,Auto,186,1659,922,814.0,As soon as possible,medium,medium,routine,True,False,False,False,False,False,False,False,False,False,False,False,False,False,False,False,False,False,False,False,1,1473,7.9193547961325015,0,0,0,1.1326781312866363
job_000054,Handyman,Handyman,34193,2026-03,Handyman,69,443,256,205.0,I'm flexible,medium,medium,routine,False,False,False,False,False,False,False,False,True,False,False,False,False,False,False,False,False,True,False,False,3,374,5.4202897765175395,1,0,0,1.248780481713266
job_000055,HVAC,Furnace Maintenance,66302,2026-03,AC unit repair and maintenance,158,2413,1285,1095.0,I'm flexible,medium,medium,routine,False,False,False,False,False,False,False,True,False,False,False,False,False,False,False,False,False,True,False,False,3,2255,14.272151808404102,1,0,0,1.1735159806634556
job_000056,Remodeling,Remodeling,95369,2026-01,Remodeling,172,1902,1037,1096.0,Within 1-2 weeks,medium,medium,routine,False,False,False,False,False,False,False,False,False,False,False,False,False,False,False,True,False,False,False,True,1,1730,10.058139476406167,0,0,0,0.9461678823483869
job_000058,Landscaping,Landscaping,47653,2026-01,Landscaping,174,1390,782,690.0,As soon as possible,medium,medium,routine,False,False,False,False,False,False,False,False,False,True,False,False,False,False,False,False,False,False,False,False,1,1216,6.988505706962611,1,0,0,1.1333333316908212
job_000059,Electrical,Wiring,91508,2026-02,Install new outlets in kitchen,152,1787,969,822.0,Within 1-2 weeks,medium,medium,routine,False,False,False,True,False,False,False,False,False,False,False,False,False,False,False,False,False,False,False,True,2,1635,10.756578876601456,1,0,0,1.178832115354219
job_000062,Exterior,Exterior,83695,2026-03,Exterior,499,3512,2005,2081.0,Within 1 month,medium,medium,routine,False,False,False,False,True,False,False,False,False,False,False,False,False,False,False,False,False,False,True,False,3,3013,6.038076140204256,1,0,0,0.9634790961251903
job_000063,General Contractor,General Contractor,18526,2026-01,General Contractor,1009,12172,6590,7180.0,Within 1-2 weeks,medium,medium,routine,False,False,False,False,False,False,True,False,False,False,False,False,False,False,False,False,False,False,False,True,1,11163,11.063429126795413,0,0,1,0.9178272979223081
job_000065,Moving,Moving,68170,2026-02,Moving,227,1760,993,1037.0,Within 1-2 weeks,medium,medium,routine,False,False,False,False,False,False,False,False,False,False,True,False,False,False,False,False,False,False,False,True,2,1533,6.753303935007472,0,0,0,0.9575699122877821
job_000068,HVAC,Thermostat,10232,2026-03,AC unit repair and maintenance,187,3603,1895,1783.0,As soon as possible,medium,medium,routine,False,False,False,False,False,False,False,True,False,False,False,False,False,False,False,False,False,False,False,False,3,3416,18.267379581457863,1,0,0,1.062815478932801
job_000069,Plumbing,Leak Repair,93671,2026-01,Replace kitchen sink shutoff valve (you supply valve),105,1260,682,668.0,Within 1-2 weeks,medium,medium,routine,False,False,False,False,False,False,False,False,False,False,False,False,False,True,False,False,False,False,False,True,1,1155,10.999999895238096,1,0,0,1.020958082303955
job_000070,Painting,Exterior,30153,2026-01,Paint interior bedroom walls,364,1958,1161,1182.0,Within 1-2 weeks,medium,medium,routine,False,False,False,False,False,False,False,False,False,False,False,True,False,False,False,False,False,False,False,True,1,1594,4.379120867090327,0,0,0,0.9822335017070781
job_000071,Painting,Interior,46973,2026-02,Paint interior bedroom walls,372,2499,1435,1560.0,Within 1 month,medium,medium,routine,False,False,False,False,False,False,False,False,False,False,False,True,False,False,False,False,False,False,True,False,2,2127,5.717741920113597,0,0,0,0.9198717942821334
job_000072,Landscaping,Landscaping,17490,2026-01,Landscaping,168,1274,721,688.0,Within 1 month,medium,medium,routine,False,False,False,False,False,False,False,False,False,True,False,False,False,False,False,False,False,False,True,False,1,1106,6.583333294146826,1,0,0,1.0479651147558646
job_000073,Painting,Cabinet,93404,2026-02,Exterior house painting,267,2747,1507,1631.0,I'm flexible,medium,medium,routine,False,False,False,False,False,False,False,False,False,False,False,True,False,False,False,False,False,True,False,False,2,2480,9.288389478320639,0,0,0,0.9239730221189619
job_000074,Exterior,Exterior,81908,2026-04,Exterior,556,2936,1746,2057.0,I'm flexible,medium,medium,routine,False,False,False,False,True,False,False,False,False,False,False,False,False,False,False,False,False,True,False,False,4,2380,4.280575531869468,1,0,0,0.8488089446529855
job_000075,General Contractor,General Contractor,61524,2026-01,General Contractor,1027,8301,4664,5454.0,As soon as possible,medium,medium,routine,False,False,False,False,False,False,True,False,False,False,False,False,False,False,False,False,False,False,False,False,1,7274,7.082765329033334,0,0,1,0.8551521817280615
job_000076,HVAC,Thermostat,61929,2026-03,Install new thermostat,230,2367,1298,1356.0,Within 1 month,medium,medium,routine,False,False,False,False,False,False,False,True,False,False,False,False,False,False,False,False,False,False,True,False,3,2137,9.291304307429112,1,0,0,0.9572271379371481
job_000077,Chimney,Chimney,61378,2026-04,Chimney,246,1646,946,836.0,Within 1 month,medium,medium,routine,False,True,False,False,False,False,False,False,False,False,False,False,False,False,False,False,False,False,True,False,4,1400,5.691056887434728,0,0,0,1.1315789460148578
job_000078,Landscaping,Landscaping,37309,2026-04,Landscaping,209,1420,814,938.0,Within 1 month,medium,medium,routine,False,False,False,False,False,False,False,False,False,True,False,False,False,False,False,False,False,False,True,False,4,1211,5.794258345482017,1,0,0,0.8678038370279276
job_000079,Pest Control,General,75994,2026-02,Rodent control and sealing,327,1880,1103,1232.0,Within 1-2 weeks,medium,medium,routine,False,False,False,False,False,False,False,False,False,False,False,False,True,False,False,False,False,False,False,True,2,1553,4.749235459482461,0,0,0,0.8952922070655095
job_000082,Exterior,Exterior,98834,2026-03,Exterior,427,3526,1976,2039.0,Within 1-2 weeks,medium,medium,routine,False,False,False,False,True,False,False,False,False,False,False,False,False,False,False,False,False,False,False,True,3,3099,7.257611224221051,1,0,0,0.969102500750808
job_000083,Cleaning,Carpet Cleaning,95663,2026-01,"Exterior window wash, 2-story, 20 windows",95,1246,670,725.0,I'm flexible,medium,medium,routine,False,False,True,False,False,False,False,False,False,False,False,False,False,False,False,False,False,True,False,False,1,1151,12.115789346149587,1,0,0,0.9241379297598098
job_000084,Moving,Moving,76152,2026-01,Moving,180,1791,985,806.0,Within 1-2 weeks,medium,medium,routine,False,False,False,False,False,False,False,False,False,False,True,False,False,False,False,False,False,False,False,True,1,1611,8.949999950277778,0,0,0,1.2220843657294238
job_000085,Flooring,Flooring,83766,2026-02,Flooring,158,2370,1264,1116.0,As soon as possible,medium,medium,routine,False,False,False,False,False,True,False,False,False,False,False,False,False,False,False,False,False,False,False,False,2,2212,13.999999911392406,0,0,0,1.1326164864403077
job_000086,Cleaning,General Cleaning,21110,2026-01,Window washing service,93,1029,561,496.0,As soon as possible,medium,medium,routine,False,False,True,False,False,False,False,False,False,False,False,False,False,False,False,False,False,False,False,False,1,936,10.064516020811656,1,0,0,1.1310483848164348
job_000087,Electrical,Panel Upgrade,93761,2026-04,Repair faulty electrical panel,165,1520,842,867.0,Within 1 month,medium,medium,routine,False,False,False,True,False,False,False,False,False,False,False,False,False,False,False,False,False,False,True,False,4,1355,8.212121162350781,1,0,0,0.9711649354427163
job_000089,Pest Control,Rodents,57916,2026-04,Termite inspection and treatment,244,1866,1055,1080.0,As soon as possible,medium,medium,routine,False,False,False,False,False,False,False,False,False,False,False,False,True,False,False,False,False,False,False,False,4,1622,6.647540956362537,0,0,0,0.9768518509473593
job_000090,Landscaping,Landscaping,51814,2026-03,Landscaping,247,1611,929,965.0,As soon as possible,medium,medium,routine,False,False,False,False,False,False,False,False,False,True,False,False,False,False,False,False,False,False,False,False,3,1364,5.522267184120376,1,0,0,0.9626942995205241
job_000092,Landscaping,Landscaping,19289,2026-03,Landscaping,162,1652,907,828.0,As soon as possible,medium,medium,routine,False,False,False,False,False,False,False,False,False,True,False,False,False,False,False,False,False,False,False,False,3,1490,9.19753080742265,1,0,0,1.095410626696364
job_000094,Handyman,Handyman,46991,2026-03,Handyman,91,410,250,254.0,Within 1 month,medium,medium,routine,False,False,False,False,False,False,False,False,True,False,False,False,False,False,False,False,False,False,True,False,3,319,3.5054944669725883,1,0,0,0.9842519646289293
job_000095,Moving,Moving,28033,2026-02,Moving,226,1944,1085,884.0,Within 1 month,medium,medium,routine,False,False,False,False,False,False,False,False,False,False,True,False,False,False,False,False,False,False,True,False,2,1718,7.601769877868275,0,0,0,1.2273755642224258
job_000096,Landscaping,Landscaping,36654,2026-02,Landscaping,249,1645,947,1037.0,I'm flexible,medium,medium,routine,False,False,False,False,False,False,False,False,False,True,False,False,False,False,False,False,False,True,False,False,2,1396,5.606425680295479,1,0,0,0.9132111852331617
job_000100,Exterior,Exterior,91140,2026-03,Exterior,461,3137,1799,1746.0,As soon as possible,medium,medium,routine,False,False,False,False,True,False,False,False,False,False,False,False,False,False,False,False,False,False,False,False,3,2676,5.804772221681622,1,0,0,1.0303550967752835
job_000101,Pest Control,Bed Bugs,55927,2026-04,"Bed bug heat treatment, 2BR apartment",260,1709,984,1129.0,Within 1 month,medium,medium,routine,False,False,False,False,False,False,False,False,False,False,False,False,True,False,False,False,False,False,True,False,4,1449,5.573076901642012,0,0,0,0.8715677583068486
job_000103,Auto,Auto,45609,2026-01,Auto,207,1751,979,1089.0,As soon as possible,medium,medium,routine,True,False,False,False,False,False,False,False,False,False,False,False,False,False,False,False,False,False,False,False,1,1544,7.45893716203412,0,0,0,0.8989898981643801
job_000104,Flooring,Flooring,97587,2026-04,Flooring,156,1911,1033,848.0,I'm flexible,medium,medium,routine,False,False,False,False,False,True,False,False,False,False,False,False,False,False,False,False,False,True,False,False,4,1755,11.249999927884616,0,0,0,1.2181603759219808
job_000105,Landscaping,Landscaping,86080,2026-01,Landscaping,150,1760,955,930.0,Within 1-2 weeks,medium,medium,routine,False,False,False,False,False,False,False,False,False,True,False,False,False,False,False,False,False,False,False,True,1,1610,10.733333261777778,1,0,0,1.0268817193259336
job_000106,Roofing,Roofing,82288,2026-04,Roofing,176,1885,1030,1157.0,Within 1 month,medium,medium,routine,False,False,False,False,False,False,False,False,False,False,False,False,False,False,False,False,True,False,True,False,4,1709,9.710227217555527,0,0,0,0.890233361374042
job_000107,Plumbing,Drain Cleaning,99642,2026-02,Replace kitchen sink shutoff valve (you supply valve),80,1282,681,598.0,Within 1 month,medium,medium,routine,False,False,False,False,False,False,False,False,False,False,False,False,False,True,False,False,False,False,True,False,2,1202,15.024999812187502,1,0,0,1.1387959847177325
job_000108,Exterior,Exterior,85447,2026-04,Exterior,520,2332,1426,1178.0,As soon as possible,medium,medium,routine,False,False,False,False,True,False,False,False,False,False,False,False,False,False,False,False,False,False,False,False,4,1812,3.484615377914201,1,0,0,1.2105263147618621
job_000109,General Contractor,General Contractor,35713,2026-04,General Contractor,930,8184,4557,5227.0,As soon as possible,medium,medium,routine,False,False,False,False,False,False,True,False,False,False,False,False,False,False,False,False,False,False,False,False,4,7254,7.7999999916129035,0,0,1,0.871819399106214
job_000110,Moving,Moving,76868,2026-01,Moving,249,1956,1102,1131.0,Within 1-2 weeks,medium,medium,routine,False,False,False,False,False,False,False,False,False,False,True,False,False,False,False,False,False,False,False,True,1,1707,6.855421659215174,0,0,0,0.974358973497472
job_000111,Cleaning,General Cleaning,62991,2026-03,Window washing service,79,789,434,481.0,As soon as possible,medium,medium,routine,False,False,True,False,False,False,False,False,False,False,False,False,False,False,False,False,False,False,False,False,3,710,8.98734165838808,1,0,0,0.902286900411046
job_000112,Landscaping,Landscaping,56273,2026-02,Landscaping,243,1393,818,918.0,I'm flexible,medium,medium,routine,False,False,False,False,False,False,False,False,False,True,False,False,False,False,False,False,False,True,False,False,2,1150,4.7325102685904925,1,0,0,0.8910675371556999
job_000114,Landscaping,Landscaping,60484,2026-01,Landscaping,238,1496,867,927.0,As soon as possible,medium,medium,routine,False,False,False,False,False,False,False,False,False,True,False,False,False,False,False,False,False,False,False,False,1,1258,5.285714263505402,1,0,0,0.9352750798972221
job_000115,Handyman,Handyman,90504,2026-03,Handyman,75,511,293,277.0,I'm flexible,medium,medium,routine,False,False,False,False,False,False,False,False,True,False,False,False,False,False,False,False,False,True,False,False,3,436,5.813333255822223,1,0,0,1.0577617290333512
job_000116,Flooring,Flooring,35414,2026-01,Flooring,215,1919,1067,1156.0,As soon as possible,medium,medium,routine,False,False,False,False,False,True,False,False,False,False,False,False,False,False,False,False,False,False,False,False,1,1704,7.925581358485668,0,0,0,0.9230103798243854
job_000117,Remodeling,Remodeling,81279,2026-03,Remodeling,180,2167,1173,1187.0,As soon as possible,medium,medium,routine,False,False,False,False,False,False,False,False,False,False,False,False,False,False,False,True,False,False,False,False,3,1987,11.03888882756173,0,0,0,0.9882055594033651
job_000118,Auto,Auto,68170,2026-03,Auto,200,2087,1143,960.0,Within 1-2 weeks,medium,medium,routine,True,False,False,False,False,False,False,False,False,False,False,False,False,False,False,False,False,False,False,True,3,1887,9.434999952825,0,0,0,1.1906249987597657
job_000119,Pest Control,Rodents,40495,2026-03,Rodent control and sealing,242,2123,1182,1247.0,I'm flexible,medium,medium,routine,False,False,False,False,False,False,False,False,False,False,False,False,True,False,False,False,False,True,False,False,3,1881,7.772727240608565,0,0,0,0.9478748989992983
job_000120,Exterior,Exterior,52452,2026-04,Exterior,578,2458,1518,1816.0,Within 1-2 weeks,medium,medium,routine,False,False,False,False,True,False,False,False,False,False,False,False,False,False,False,False,False,False,False,True,4,1880,3.252595150082015,1,0,0,0.8359030832401414
job_000121,Painting,Interior,62365,2026-04,Exterior house painting,288,2008,1148,1148.0,Within 1-2 weeks,medium,medium,routine,False,False,False,False,False,False,False,False,False,False,False,True,False,False,False,False,False,False,False,True,4,1720,5.97222220148534,0,0,0,0.9999999991289198
job_000122,Flooring,Flooring,69377,2026-01,Flooring,244,2458,1351,1466.0,As soon as possible,medium,medium,routine,False,False,False,False,False,True,False,False,False,False,False,False,False,False,False,False,False,False,False,False,1,2214,9.073770454615694,0,0,0,0.9215552517588299
job_000123,Handyman,Handyman,52487,2026-04,Handyman,84,444,264,264.0,Within 1 month,medium,medium,routine,False,False,False,False,False,False,False,False,True,False,False,False,False,False,False,False,False,False,True,False,4,360,4.285714234693878,1,0,0,0.9999999962121212
job_000124,Roofing,Roofing,49228,2026-01,Roofing,214,1679,946,856.0,Within 1-2 weeks,medium,medium,routine,False,False,False,False,False,False,False,False,False,False,False,False,False,False,False,False,True,False,False,True,1,1465,6.845794360533671,0,0,0,1.1051401856248362
job_000125,Flooring,Flooring,72577,2026-01,Flooring,223,1551,887,740.0,Within 1-2 weeks,medium,medium,routine,False,False,False,False,False,True,False,False,False,False,False,False,False,False,False,False,False,False,False,True,1,1328,5.955156923967906,0,0,0,1.198648647028853
job_000126,Exterior,Exterior,19210,2026-04,Exterior,494,3331,1912,1610.0,I'm flexible,medium,medium,routine,False,False,False,False,True,False,False,False,False,False,False,False,False,False,False,False,False,True,False,False,4,2837,5.7429149681317515,1,0,0,1.1875776390139268
job_000127,Handyman,Handyman,88083,2026-02,Handyman,66,591,328,275.0,As soon as possible,medium,medium,routine,False,False,False,False,False,False,False,False,True,False,False,False,False,False,False,False,False,False,False,False,2,525,7.954545334022041,1,0,0,1.1927272683900827
job_000130,Remodeling,Remodeling,72752,2026-03,Remodeling,218,1833,1025,927.0,I'm flexible,medium,medium,routine,False,False,False,False,False,False,False,False,False,False,False,False,False,False,False,True,False,True,False,False,3,1615,7.408256846751115,0,0,0,1.1057173666604991
job_000131,Electrical,Outlet Installation,17158,2026-03,Install ceiling fan,174,2327,1250,1450.0,Within 1 month,medium,medium,routine,False,False,False,True,False,False,False,False,False,False,False,False,False,False,False,False,False,False,True,False,3,2153,12.373563147278373,1,0,0,0.862068964922711
job_000132,Plumbing,Leak Repair,34565,2026-02,Install new water heater,124,1353,738,742.0,As soon as possible,medium,medium,routine,False,False,False,False,False,False,False,False,False,False,False,False,False,True,False,False,False,False,False,False,2,1229,9.911290242650885,1,0,0,0.9946091630800415
job_000133,Landscaping,Landscaping,19071,2026-01,Landscaping,208,1701,954,795.0,Within 1 month,medium,medium,routine,False,False,False,False,False,False,False,False,False,True,False,False,False,False,False,False,False,False,True,False,1,1493,7.177884580875555,1,0,0,1.199999998490566
job_000134,Painting,Exterior,10660,2026-04,Exterior house painting,287,2253,1270,1357.0,Within 1-2 weeks,medium,medium,routine,False,False,False,False,False,False,False,False,False,False,False,True,False,False,False,False,False,False,False,True,4,1966,6.850174192159672,0,0,0,0.9358879875196109
job_000135,HVAC,Thermostat,64807,2026-02,Install new thermostat,216,2354,1285,1148.0,I'm flexible,medium,medium,routine,False,False,False,False,False,False,False,True,False,False,False,False,False,False,False,False,False,True,False,False,2,2138,9.898148102323388,1,0,0,1.1193379781190436
job_000137,Painting,Interior,28410,2026-04,Exterior house painting,350,2463,1406,1258.0,As soon as possible,medium,medium,routine,False,False,False,False,False,False,False,False,False,False,False,True,False,False,False,False,False,False,False,False,4,2113,6.037142839893877,0,0,0,1.1176470579350977
job_000138,Appliance Repair,Appliance Repair,68050,2026-01,Appliance Repair,171,1880,1025,1196.0,As soon as possible,medium,medium,routine,False,False,False,False,False,False,False,False,False,False,False,False,False,False,False,False,False,False,False,False,1,1709,9.994151988338293,0,0,0,0.8570234106546626
job_000141,Handyman,Handyman,25769,2026-04,Handyman,61,536,298,258.0,Within 1-2 weeks,medium,medium,routine,False,False,False,False,False,False,False,False,True,False,False,False,False,False,False,False,False,False,False,True,4,475,7.786885118247786,1,0,0,1.1550387552130281
job_000143,Landscaping,Landscaping,67211,2026-01,Landscaping,177,1519,848,734.0,As soon as possible,medium,medium,routine,False,False,False,False,False,False,False,False,False,True,False,False,False,False,False,False,False,False,False,False,1,1342,7.581920861119091,1,0,0,1.1553133499246413
job_000144,Painting,Cabinet,14948,2026-04,Trim painting,274,2003,1138,1221.0,As soon as possible,medium,medium,routine,False,False,False,False,False,False,False,False,False,False,False,True,False,False,False,False,False,False,False,False,4,1729,6.310218955072194,0,0,0,0.9320229312596044
job_000145,Roofing,Roofing,43458,2026-02,Roofing,235,2140,1187,1029.0,As soon as possible,medium,medium,routine,False,False,False,False,False,False,False,False,False,False,False,False,False,False,False,False,True,False,False,False,2,1905,8.106382944228157,0,0,0,1.1535471320179327
job_000146,Pest Control,Termites,40370,2026-01,Rodent control and sealing,370,2118,1244,1350.0,As soon as possible,medium,medium,routine,False,False,False,False,False,False,False,False,False,False,False,False,True,False,False,False,False,False,False,False,1,1748,4.72432431155588,0,0,0,0.9214814807989026
job_000149,Roofing,Roofing,76152,2026-04,Roofing,250,1759,1004,1153.0,Within 1-2 weeks,medium,medium,routine,False,False,False,False,False,False,False,False,False,False,False,False,False,False,False,False,True,False,False,True,4,1509,6.035999975856,0,0,0,0.8707718986376652
job_000151,Exterior,Exterior,81095,2026-02,Exterior,445,2992,1718,1756.0,As soon as possible,medium,medium,routine,False,False,False,False,True,False,False,False,False,False,False,False,False,False,False,False,False,False,False,False,2,2547,5.723595492755965,1,0,0,0.9783599083266743
job_000152,Pool,Pool,78412,2026-01,Pool,221,2132,1176,1052.0,Within 1-2 weeks,medium,medium,routine,False,False,False,False,False,False,False,False,False,False,False,False,False,False,True,False,False,False,False,True,1,1911,8.647058784402448,0,0,0,1.1178707213708452
job_000154,Handyman,Handyman,53282,2026-04,Handyman,56,424,240,284.0,Within 1 month,medium,medium,routine,False,False,False,False,False,False,False,False,True,False,False,False,False,False,False,False,False,False,True,False,4,368,6.5714284540816355,1,0,0,0.8450704195596112
job_000157,Handyman,Handyman,79507,2026-04,Handyman,68,572,320,269.0,Within 1 month,medium,medium,routine,False,False,False,False,False,False,False,False,True,False,False,False,False,False,False,False,False,False,True,False,4,504,7.411764596885815,1,0,0,1.189591073644643
job_000159,Roofing,Roofing,84150,2026-03,Roofing,216,1529,872,808.0,Within 1-2 weeks,medium,medium,routine,False,False,False,False,False,False,False,False,False,False,False,False,False,False,False,False,True,False,False,True,3,1313,6.078703675561557,0,0,0,1.079207919456426
job_000161,Remodeling,Remodeling,76849,2026-02,Remodeling,150,1922,1036,1016.0,Within 1 month,medium,medium,routine,False,False,False,False,False,False,False,False,False,False,False,False,False,False,False,True,False,False,True,False,2,1772,11.81333325457778,0,0,0,1.0196850383664517
job_000162,Auto,Auto,95906,2026-03,Auto,245,2359,1302,1263.0,Within 1-2 weeks,medium,medium,routine,True,False,False,False,False,False,False,False,False,False,False,False,False,False,False,False,False,False,False,True,3,2114,8.62857139335277,0,0,0,1.0308788590412676
job_000163,Flooring,Flooring,81915,2026-04,Flooring,242,2151,1196,1330.0,I'm flexible,medium,medium,routine,False,False,False,False,False,True,False,False,False,False,False,False,False,False,False,False,False,True,False,False,4,1909,7.888429719469299,0,0,0,0.8992481196246254
job_000165,Pest Control,General,90112,2026-03,Termite inspection and treatment,334,2482,1408,1647.0,As soon as possible,medium,medium,routine,False,False,False,False,False,False,False,False,False,False,False,False,True,False,False,False,False,False,False,False,3,2148,6.431137705295995,0,0,0,0.8548876740407482
job_000166,Roofing,Roofing,47929,2026-01,Roofing,173,2376,1274,1324.0,I'm flexible,medium,medium,routine,False,False,False,False,False,False,False,False,False,False,False,False,False,False,False,False,True,True,False,False,1,2203,12.734103972635237,0,0,0,0.9622356488200636
job_000167,Painting,Cabinet,13256,2026-02,Trim painting,280,2646,1463,1508.0,Within 1-2 weeks,medium,medium,routine,False,False,False,False,False,False,False,False,False,False,False,True,False,False,False,False,False,False,False,True,2,2366,8.449999969821429,0,0,0,0.9701591505502922
job_000168,Landscaping,Landscaping,76373,2026-02,Landscaping,205,1860,1032,1099.0,I'm flexible,medium,medium,routine,False,False,False,False,False,False,False,False,False,True,False,False,False,False,False,False,False,True,False,False,2,1655,8.073170692325997,1,0,0,0.9390354859517419
job_000169,HVAC,Thermostat,30129,2026-02,Install new thermostat,234,2770,1502,1247.0,Within 1 month,medium,medium,routine,False,False,False,False,False,False,False,True,False,False,False,False,False,False,False,False,False,False,True,False,2,2536,10.837606791292279,1,0,0,1.2044907769009696
job_000171,General Contractor,General Contractor,95695,2026-04,General Contractor,922,8656,4789,5292.0,As soon as possible,medium,medium,routine,False,False,False,False,False,False,True,False,False,False,False,False,False,False,False,False,False,False,False,False,4,7734,8.388286324958475,0,0,1,0.9049508690655799
job_000172,Plumbing,Leak Repair,23271,2026-03,Fix leaking bathroom faucet,81,1210,645,768.0,Within 1 month,medium,medium,routine,False,False,False,False,False,False,False,False,False,False,False,False,False,True,False,False,False,False,True,False,3,1129,13.938271432860846,1,0,0,0.8398437489064534
job_000173,Appliance Repair,Appliance Repair,33227,2026-01,Appliance Repair,158,2062,1110,894.0,Within 1-2 weeks,medium,medium,routine,False,False,False,False,False,False,False,False,False,False,False,False,False,False,False,False,False,False,False,True,1,1904,12.050632835122578,0,0,0,1.2416107368662073
job_000174,Appliance Repair,Appliance Repair,60154,2026-01,Appliance Repair,156,1686,921,1019.0,Within 1 month,medium,medium,routine,False,False,False,False,False,False,False,False,False,False,False,False,False,False,False,False,False,False,True,False,1,1530,9.807692244822485,0,0,0,0.9038272807617004
job_000175,HVAC,Thermostat,22003,2026-01,Clean ductwork,172,2742,1457,1403.0,I'm flexible,medium,medium,routine,False,False,False,False,False,False,False,True,False,False,False,False,False,False,False,False,False,True,False,False,1,2570,14.941860378244998,1,0,0,1.038488951504997
job_000178,Handyman,Handyman,97783,2026-01,Handyman,73,610,341,362.0,I'm flexible,medium,medium,routine,False,False,False,False,False,False,False,False,True,False,False,False,False,False,False,False,False,True,False,False,1,537,7.35616428279227,1,0,0,0.9419889476740637
job_000179,Exterior,Exterior,10704,2026-04,Exterior,377,3416,1896,2062.0,As soon as possible,medium,medium,routine,False,False,False,False,True,False,False,False,False,False,False,False,False,False,False,False,False,False,False,False,4,3039,8.061007936177697,1,0,0,0.9194956348596045
job_000180,Chimney,Chimney,88325,2026-01,Chimney,212,2411,1311,1103.0,As soon as possible,medium,medium,routine,False,True,False,False,False,False,False,False,False,False,False,False,False,False,False,False,False,False,False,False,1,2199,10.372641460506408,0,0,0,1.1885766081699214
job_000181,Cleaning,General Cleaning,77999,2026-02,"Exterior window wash, 2-story, 20 windows",76,1046,561,664.0,I'm flexible,medium,medium,routine,False,False,True,False,False,False,False,False,False,False,False,False,False,False,False,False,False,True,False,False,2,970,12.763157726800557,1,0,0,0.8448795167998803
job_000186,Exterior,Exterior,45873,2026-01,Exterior,567,2461,1514,1443.0,As soon as possible,medium,medium,routine,False,False,False,False,True,False,False,False,False,False,False,False,False,False,False,False,False,False,False,False,1,1894,3.340388001163337,1,0,0,1.0492030484759507
job_000188,Remodeling,Remodeling,15492,2026-03,Remodeling,192,2420,1306,1328.0,As soon as possible,medium,medium,routine,False,False,False,False,False,False,False,False,False,False,False,False,False,False,False,True,False,False,False,False,3,2228,11.604166606228299,0,0,0,0.9834337341992215
job_000189,Landscaping,Landscaping,28410,2026-03,Landscaping,179,1664,921,750.0,As soon as possible,medium,medium,routine,False,False,False,False,False,False,False,False,False,True,False,False,False,False,False,False,False,False,False,False,3,1485,8.296089339127994,1,0,0,1.2279999983626666
job_000190,Painting,Cabinet,25760,2026-01,Trim painting,288,2267,1277,1424.0,Within 1 month,medium,medium,routine,False,False,False,False,False,False,False,False,False,False,False,True,False,False,False,False,False,False,True,False,1,1979,6.871527753918307,0,0,0,0.8967696622915943
job_000191,Moving,Moving,88785,2026-04,Moving,168,2018,1093,1195.0,As soon as possible,medium,medium,routine,False,False,False,False,False,False,False,False,False,False,True,False,False,False,False,False,False,False,False,False,4,1850,11.01190469635771,0,0,0,0.9146443506990423
job_000192,Plumbing,Fixture Installation,78632,2026-02,Fix leaking bathroom faucet,118,1231,674,569.0,As soon as possible,medium,medium,routine,False,False,False,False,False,False,False,False,False,False,False,False,False,True,False,False,False,False,False,False,2,1113,9.432203309896583,1,0,0,1.184534268568481
job_000193,Flooring,Flooring,47240,2026-02,Flooring,190,1866,1028,889.0,As soon as possible,medium,medium,routine,False,False,False,False,False,True,False,False,False,False,False,False,False,False,False,False,False,False,False,False,2,1676,8.821052585152355,0,0,0,1.1563554542673167
job_000194,Moving,Moving,23654,2026-03,Moving,167,1658,912,926.0,Within 1-2 weeks,medium,medium,routine,False,False,False,False,False,False,False,False,False,False,True,False,False,False,False,False,False,False,False,True,3,1491,8.928143659112912,0,0,0,0.9848812084396531
job_000195,Electrical,Panel Upgrade,70188,2026-03,Install ceiling fan,123,1634,878,731.0,As soon as possible,medium,medium,routine,False,False,False,True,False,False,False,False,False,False,False,False,False,False,False,False,False,False,False,False,3,1511,12.284552745654043,1,0,0,1.201094389601786
job_000196,General Contractor,General Contractor,54681,2026-02,General Contractor,1192,7707,4449,3663.0,As soon as possible,medium,medium,routine,False,False,False,False,False,False,True,False,False,False,False,False,False,False,False,False,False,False,False,False,2,6515,5.465604022260399,0,0,1,1.2145782142466344
job_000199,Electrical,Lighting,24020,2026-03,Install new outlets in kitchen,166,2191,1178,1093.0,Within 1 month,medium,medium,routine,False,False,False,True,False,False,False,False,False,False,False,False,False,False,False,False,False,False,True,False,3,2025,12.198795107236174,1,0,0,1.077767611090789
job_000201,Moving,Moving,43985,2026-03,Moving,177,2331,1254,1187.0,Within 1-2 weeks,medium,medium,routine,False,False,False,False,False,False,False,False,False,False,True,False,False,False,False,False,False,False,False,True,3,2154,12.16949145666954,0,0,0,1.056444817981091
job_000202,Pest Control,Rodents,63536,2026-03,General pest control service,361,2336,1348,1432.0,Within 1-2 weeks,medium,medium,routine,False,False,False,False,False,False,False,False,False,False,False,False,True,False,False,False,False,False,False,True,3,1975,5.470914112268936,0,0,0,0.9413407814655441
job_000203,HVAC,Thermostat,72455,2026-02,Clean ductwork,204,3330,1767,1840.0,Within 1-2 weeks,medium,medium,routine,False,False,False,False,False,False,False,True,False,False,False,False,False,False,False,False,False,False,False,True,2,3126,15.323529336649367,1,0,0,0.9603260864346054
job_000205,Cleaning,Window Washing,85337,2026-02,Deep clean kitchen and bathrooms,79,824,451,503.0,I'm flexible,medium,medium,routine,False,False,True,False,False,False,False,False,False,False,False,False,False,False,False,False,False,True,False,False,2,745,9.43037962746355,1,0,0,0.8966202765474746
job_000207,Remodeling,Remodeling,68170,2026-03,Remodeling,190,1606,898,940.0,Within 1-2 weeks,medium,medium,routine,False,False,False,False,False,False,False,False,False,False,False,False,False,False,False,True,False,False,False,True,3,1416,7.452631539722992,0,0,0,0.9553191479198733
job_000208,Auto,Auto,47121,2026-02,Auto,163,2440,1301,1540.0,I'm flexible,medium,medium,routine,True,False,False,False,False,False,False,False,False,False,False,False,False,False,False,False,False,True,False,False,2,2277,13.969325067672852,0,0,0,0.8448051942566199
job_000209,Pest Control,General,34138,2026-02,Termite inspection and treatment,347,1833,1090,1151.0,Within 1-2 weeks,medium,medium,routine,False,False,False,False,False,False,False,False,False,False,False,False,True,False,False,False,False,False,False,True,2,1486,4.282420736938269,0,0,0,0.9470026056064268
job_000210,Chimney,Chimney,29350,2026-03,Chimney,198,1788,993,796.0,Within 1-2 weeks,medium,medium,routine,False,True,False,False,False,False,False,False,False,False,False,False,False,False,False,False,False,False,False,True,3,1590,8.030302989745945,0,0,0,1.2474874356187344
job_000211,Landscaping,Landscaping,16394,2026-03,Landscaping,205,1240,722,603.0,As soon as possible,medium,medium,routine,False,False,False,False,False,False,False,False,False,True,False,False,False,False,False,False,False,False,False,False,3,1035,5.048780463176681,1,0,0,1.1973465983460256
job_000212,Plumbing,Drain Cleaning,28589,2026-02,Install new water heater,83,1427,755,871.0,Within 1 month,medium,medium,routine,False,False,False,False,False,False,False,False,False,False,False,False,False,True,False,False,False,False,True,False,2,1344,16.192770889243725,1,0,0,0.8668197464215617
job_000213,HVAC,AC Repair,83766,2026-04,Clean ductwork,179,2904,1541,1443.0,Within 1 month,medium,medium,routine,False,False,False,False,False,False,False,True,False,False,False,False,False,False,False,False,False,False,True,False,4,2725,15.223463602103555,1,0,0,1.0679140671740026
job_000215,Moving,Moving,68981,2026-01,Moving,183,2111,1147,1346.0,As soon as possible,medium,medium,routine,False,False,False,False,False,False,False,False,False,False,True,False,False,False,False,False,False,False,False,False,1,1928,10.535519068111919,0,0,0,0.8521545313134067
job_000216,Moving,Moving,98251,2026-04,Moving,168,1678,923,784.0,Within 1-2 weeks,medium,medium,routine,False,False,False,False,False,False,False,False,False,False,True,False,False,False,False,False,False,False,False,True,4,1510,8.988095184594671,0,0,0,1.177295916865694
job_000217,Moving,Moving,16075,2026-02,Moving,185,1903,1044,914.0,Within 1 month,medium,medium,routine,False,False,False,False,False,False,False,False,False,False,True,False,False,False,False,False,False,False,True,False,2,1718,9.286486436289263,0,0,0,1.142231946233882
job_000218,Moving,Moving,24263,2026-01,Moving,198,2422,1310,1499.0,I'm flexible,medium,medium,routine,False,False,False,False,False,False,False,False,False,False,True,False,False,False,False,False,False,True,False,False,1,2224,11.232323175594328,0,0,0,0.8739159433796424
job_000221,Handyman,Handyman,28720,2026-04,Handyman,71,404,237,198.0,Within 1-2 weeks,medium,medium,routine,False,False,False,False,False,False,False,False,True,False,False,False,False,False,False,False,False,False,False,True,4,333,4.6901407790121015,1,0,0,1.1969696909243954
job_000223,Pool,Pool,42419,2026-01,Pool,171,1762,966,944.0,Within 1-2 weeks,medium,medium,routine,False,False,False,False,False,False,False,False,False,False,False,False,False,False,True,False,False,False,False,True,1,1591,9.30409351284156,0,0,0,1.023305083661753
job_000227,Painting,Cabinet,33784,2026-02,Exterior house painting,298,2291,1294,1498.0,Within 1-2 weeks,medium,medium,routine,False,False,False,False,False,False,False,False,False,False,False,True,False,False,False,False,False,False,False,True,2,1993,6.687919440644566,0,0,0,0.8638184239894402
job_000230,Auto,Auto,98554,2026-01,Auto,167,1804,985,907.0,As soon as possible,medium,medium,routine,True,False,False,False,False,False,False,False,False,False,False,False,False,False,False,False,False,False,False,False,1,1637,9.80239515088386,0,0,0,1.0859977937309837
job_000231,Electrical,Wiring,89048,2026-02,Repair faulty electrical panel,145,2222,1183,1327.0,Within 1-2 weeks,medium,medium,routine,False,False,False,True,False,False,False,False,False,False,False,False,False,False,False,False,False,False,False,True,2,2077,14.324137832247326,1,0,0,0.8914845509483914
job_000232,Cleaning,General Cleaning,18526,2026-04,Deep clean kitchen and bathrooms,92,927,509,441.0,Within 1-2 weeks,medium,medium,routine,False,False,True,False,False,False,False,False,False,False,False,False,False,False,False,False,False,False,False,True,4,835,9.07608685786862,1,0,0,1.1541950087206463
job_000233,Electrical,Lighting,20625,2026-03,Replace light switches,178,1713,945,1046.0,As soon as possible,medium,medium,routine,False,False,False,True,False,False,False,False,False,False,False,False,False,False,False,False,False,False,False,False,3,1535,8.623595457170811,1,0,0,0.9034416817366714
job_000234,General Contractor,General Contractor,36171,2026-03,General Contractor,978,12336,6657,7246.0,I'm flexible,medium,medium,routine,False,False,False,False,False,False,True,False,False,False,False,False,False,False,False,False,False,True,False,False,3,11358,11.613496920640596,0,0,1,0.9187137729894129
job_000235,Landscaping,Landscaping,27101,2026-02,Landscaping,179,1468,823,986.0,Within 1 month,medium,medium,routine,False,False,False,False,False,False,False,False,False,True,False,False,False,False,False,False,False,False,True,False,2,1289,7.201117278206048,1,0,0,0.8346855975307448
job_000237,Cleaning,Window Washing,72986,2026-03,Carpet cleaning entire house,114,800,457,374.0,Within 1-2 weeks,medium,medium,routine,False,False,True,False,False,False,False,False,False,False,False,False,False,False,False,False,False,False,False,True,3,686,6.017543806863651,1,0,0,1.2219251304226602
job_000238,Flooring,Flooring,19767,2026-03,Flooring,208,1968,1088,1106.0,Within 1 month,medium,medium,routine,False,False,False,False,False,True,False,False,False,False,False,False,False,False,False,False,False,False,True,False,3,1760,8.46153842085799,0,0,0,0.9837251347344257
job_000239,Handyman,Handyman,26642,2026-03,Handyman,89,570,329,375.0,As soon as possible,medium,medium,routine,False,False,False,False,False,False,False,False,True,False,False,False,False,False,False,False,False,False,False,False,3,481,5.4044943212978165,1,0,0,0.8773333309937777
job_000240,Pest Control,Bed Bugs,64466,2026-01,Rodent control and sealing,299,2118,1208,1061.0,Within 1 month,medium,medium,routine,False,False,False,False,False,False,False,False,False,False,False,False,True,False,False,False,False,False,True,False,1,1819,6.0836120197872505,0,0,0,1.1385485380409532
job_000242,Auto,Auto,76868,2026-01,Auto,200,2083,1141,1218.0,As soon as possible,medium,medium,routine,True,False,False,False,False,False,False,False,False,False,False,False,False,False,False,False,False,False,False,False,1,1883,9.414999952925001,0,0,0,0.9367816084262875
job_000243,Auto,Auto,11511,2026-04,Auto,189,1946,1067,990.0,Within 1 month,medium,medium,routine,True,False,False,False,False,False,False,False,False,False,False,False,False,False,False,False,False,False,True,False,4,1757,9.296296247109543,0,0,0,1.0777777766891135
job_000244,Chimney,Chimney,77827,2026-03,Chimney,233,2231,1232,1354.0,Within 1-2 weeks,medium,medium,routine,False,True,False,False,False,False,False,False,False,False,False,False,False,False,False,False,False,False,False,True,3,1998,8.575107259334304,0,0,0,0.9098966019867823
job_000245,Electrical,Panel Upgrade,37148,2026-03,Install new outlets in kitchen,128,2207,1167,1211.0,As soon as possible,medium,medium,routine,False,False,False,True,False,False,False,False,False,False,False,False,False,False,False,False,False,False,False,False,3,2079,16.24218737310791,1,0,0,0.9636663906162952
job_000247,Landscaping,Landscaping,93367,2026-01,Landscaping,167,1423,795,758.0,Within 1-2 weeks,medium,medium,routine,False,False,False,False,False,False,False,False,False,True,False,False,False,False,False,False,False,False,False,True,1,1256,7.520958038796659,1,0,0,1.0488126635239938
job_000248,Painting,Interior,21138,2026-02,Paint interior bedroom walls,288,2330,1309,1300.0,I'm flexible,medium,medium,routine,False,False,False,False,False,False,False,False,False,False,False,True,False,False,False,False,False,True,False,False,2,2042,7.090277753158758,0,0,0,1.0069230761485206
job_000250,Roofing,Roofing,61713,2026-04,Roofing,181,2428,1304,1499.0,Within 1-2 weeks,medium,medium,routine,False,False,False,False,False,False,False,False,False,False,False,False,False,False,False,False,True,False,False,True,4,2247,12.414364572296329,0,0,0,0.8699132749366822
job_000251,Exterior,Exterior,84036,2026-04,Exterior,381,2827,1604,1733.0,As soon as possible,medium,medium,routine,False,False,False,False,True,False,False,False,False,False,False,False,False,False,False,False,False,False,False,False,4,2446,6.419947489711424,1,0,0,0.9255626076598023
job_000252,General Contractor,General Contractor,81731,2026-03,General Contractor,1206,10254,5730,5287.0,I'm flexible,medium,medium,routine,False,False,False,False,False,False,True,False,False,False,False,False,False,False,False,False,False,True,False,False,3,9048,7.502487555968086,0,0,1,1.0837904291500302
job_000255,HVAC,Furnace Maintenance,75835,2026-02,Install new thermostat,182,2355,1268,1040.0,Within 1 month,medium,medium,routine,False,False,False,False,False,False,False,True,False,False,False,False,False,False,False,False,False,False,True,False,2,2173,11.939560373958459,1,0,0,1.2192307680584318
job_000256,Painting,Cabinet,12900,2026-04,Paint interior bedroom walls,234,2006,1120,1343.0,I'm flexible,medium,medium,routine,False,False,False,False,False,False,False,False,False,False,False,True,False,False,False,False,False,True,False,False,4,1772,7.572649540287823,0,0,0,0.8339538340774729
job_000257,Landscaping,Landscaping,15831,2026-01,Landscaping,164,1833,998,850.0,Within 1 month,medium,medium,routine,False,False,False,False,False,False,False,False,False,True,False,False,False,False,False,False,False,False,True,False,1,1669,10.176829206238846,1,0,0,1.1741176456775086
job_000258,Pest Control,Termites,85054,2026-04,"Bed bug heat treatment, 2BR apartment",353,2071,1212,993.0,Within 1 month,medium,medium,routine,False,False,False,False,False,False,False,False,False,False,False,False,True,False,False,False,False,False,True,False,4,1718,4.866855510292194,0,0,0,1.2205438054173778
job_000259,Cleaning,General Cleaning,62960,2026-04,Deep clean kitchen and bathrooms,111,1024,567,495.0,As soon as possible,medium,medium,routine,False,False,True,False,False,False,False,False,False,False,False,False,False,False,False,False,False,False,False,False,4,913,8.225225151124098,1,0,0,1.1454545431404959
job_000261,Landscaping,Landscaping,69255,2026-02,Landscaping,192,1450,821,868.0,Within 1-2 weeks,medium,medium,routine,False,False,False,False,False,False,False,False,False,True,False,False,False,False,False,False,False,False,False,True,2,1258,6.5520832992079,1,0,0,0.9458525334725201
job_000262,Exterior,Exterior,16084,2026-03,Exterior,553,2646,1599,1551.0,As soon as possible,medium,medium,routine,False,False,False,False,True,False,False,False,False,False,False,False,False,False,False,False,False,False,False,False,3,2093,3.7848101197381374,1,0,0,1.0309477749639278
job_000263,Flooring,Flooring,23793,2026-02,Flooring,221,2423,1322,1224.0,I'm flexible,medium,medium,routine,False,False,False,False,False,True,False,False,False,False,False,False,False,False,False,False,False,True,False,False,2,2202,9.963800859892304,0,0,0,1.0800653585947178
job_000264,Handyman,Handyman,55817,2026-01,Handyman,65,612,338,284.0,Within 1-2 weeks,medium,medium,routine,False,False,False,False,False,False,False,False,True,False,False,False,False,False,False,False,False,False,False,True,1,547,8.415384485917162,1,0,0,1.1901408408797858
job_000266,Auto,Auto,57916,2026-04,Auto,203,1666,934,1099.0,I'm flexible,medium,medium,routine,True,False,False,False,False,False,False,False,False,False,False,False,False,False,False,False,False,True,False,False,4,1463,7.2068965162221845,0,0,0,0.8498635115105881
job_000267,Pest Control,General,47524,2026-04,Termite inspection and treatment,367,1866,1116,1074.0,I'm flexible,medium,medium,routine,False,False,False,False,False,False,False,False,False,False,False,False,True,False,False,False,False,True,False,False,4,1499,4.084468653720794,0,0,0,1.0391061442838863
job_000269,Auto,Auto,72398,2026-01,Auto,190,1516,853,722.0,As soon as possible,medium,medium,routine,True,False,False,False,False,False,False,False,False,False,False,False,False,False,False,False,False,False,False,False,1,1326,6.978947331689751,0,0,0,1.1814404415769524
job_000276,Roofing,Roofing,19110,2026-01,Roofing,232,1897,1064,1193.0,Within 1-2 weeks,medium,medium,routine,False,False,False,False,False,False,False,False,False,False,False,False,False,False,False,False,True,False,False,True,1,1665,7.176724106996879,0,0,0,0.8918692364695144
job_000277,Roofing,Roofing,19272,2026-01,Roofing,178,1524,851,1004.0,As soon as possible,medium,medium,routine,False,False,False,False,False,False,False,False,False,False,False,False,False,False,False,False,True,False,False,False,1,1346,7.561797710326979,0,0,0,0.8476095609087554
job_000279,Auto,Auto,17502,2026-01,Auto,161,2365,1263,1050.0,Within 1 month,medium,medium,routine,True,False,False,False,False,False,False,False,False,False,False,False,False,False,False,False,False,False,True,False,1,2204,13.689440908761236,0,0,0,1.2028571417115645
job_000280,Exterior,Exterior,18931,2026-01,Exterior,574,3515,2044,2406.0,As soon as possible,medium,medium,routine,False,False,False,False,True,False,False,False,False,False,False,False,False,False,False,False,False,False,False,False,1,2941,5.123693370864646,1,0,0,0.8495428092894669
job_000282,Handyman,Handyman,87673,2026-02,Handyman,60,455,257,207.0,Within 1-2 weeks,medium,medium,routine,False,False,False,False,False,False,False,False,True,False,False,False,False,False,False,False,False,False,False,True,2,395,6.583333223611113,1,0,0,1.2415458877220005
job_000284,Flooring,Flooring,49799,2026-04,Flooring,220,2346,1283,1114.0,As soon as possible,medium,medium,routine,False,False,False,False,False,True,False,False,False,False,False,False,False,False,False,False,False,False,False,False,4,2126,9.663636319710744,0,0,0,1.1517055644957759
job_000285,Pest Control,Bed Bugs,57705,2026-01,Termite inspection and treatment,348,2175,1261,1284.0,I'm flexible,medium,medium,routine,False,False,False,False,False,False,False,False,False,False,False,False,True,False,False,False,False,True,False,False,1,1827,5.249999984913793,0,0,0,0.9820872266494647
job_000286,Pool,Pool,22522,2026-02,Pool,177,2305,1241,1423.0,Within 1 month,medium,medium,routine,False,False,False,False,False,False,False,False,False,False,False,False,False,False,True,False,False,False,True,False,2,2128,12.02259880213221,0,0,0,0.8721011940463097
job_000287,Pool,Pool,40646,2026-04,Pool,165,2073,1119,1110.0,I'm flexible,medium,medium,routine,False,False,False,False,False,False,False,False,False,False,False,False,False,False,True,False,False,True,False,False,4,1908,11.563636293553719,0,0,0,1.0081081071999025
job_000288,General Contractor,General Contractor,25358,2026-03,General Contractor,1013,8357,4685,4067.0,Within 1 month,medium,medium,routine,False,False,False,False,False,False,True,False,False,False,False,False,False,False,False,False,False,False,True,False,3,7344,7.249753201135485,0,0,1,1.1519547575234927
job_000289,Pest Control,General,11511,2026-03,General pest control service,332,2188,1260,1075.0,As soon as possible,medium,medium,routine,False,False,False,False,False,False,False,False,False,False,False,False,True,False,False,False,False,False,False,False,3,1856,5.590361428944695,0,0,0,1.1720930221654948
job_000290,Painting,Interior,75311,2026-02,Cabinet refinishing,371,2192,1281,1353.0,I'm flexible,medium,medium,routine,False,False,False,False,False,False,False,False,False,False,False,True,False,False,False,False,False,True,False,False,2,1821,4.9083557819181785,0,0,0,0.9467849216949112
job_000294,Appliance Repair,Appliance Repair,79479,2026-02,Appliance Repair,196,1863,1029,1037.0,I'm flexible,medium,medium,routine,False,False,False,False,False,False,False,False,False,False,False,False,False,False,False,False,False,True,False,False,2,1667,8.50510199742295,0,0,0,0.9922854378087892
job_000295,Auto,Auto,83580,2026-01,Auto,216,1926,1071,1234.0,As soon as possible,medium,medium,routine,True,False,False,False,False,False,False,False,False,False,False,False,False,False,False,False,False,False,False,False,1,1710,7.916666630015432,0,0,0,0.8679092375462647
job_000298,Landscaping,Landscaping,64466,2026-04,Landscaping,185,1500,842,784.0,Within 1 month,medium,medium,routine,False,False,False,False,False,False,False,False,False,True,False,False,False,False,False,False,False,False,True,False,4,1315,7.108108069685902,1,0,0,1.0739795904668628
job_000299,Electrical,Panel Upgrade,48049,2026-01,Install ceiling fan,132,2486,1309,1203.0,As soon as possible,medium,medium,routine,False,False,False,True,False,False,False,False,False,False,False,False,False,False,False,False,False,False,False,False,1,2354,17.833333198232324,1,0,0,1.0881130498020672
job_000300,Handyman,Handyman,62650,2026-02,Handyman,60,446,253,255.0,As soon as possible,medium,medium,routine,False,False,False,False,False,False,False,False,True,False,False,False,False,False,False,False,False,False,False,False,2,386,6.433333226111113,1,0,0,0.9921568588542868
job_000301,Pool,Pool,87727,2026-03,Pool,239,1944,1091,938.0,Within 1-2 weeks,medium,medium,routine,False,False,False,False,False,False,False,False,False,False,False,False,False,False,True,False,False,False,False,True,3,1705,7.133891183540205,0,0,0,1.1631130051565959
job_000303,Cleaning,Carpet Cleaning,52487,2026-03,Carpet cleaning entire house,84,772,428,473.0,I'm flexible,medium,medium,routine,False,False,True,False,False,False,False,False,False,False,False,False,False,False,False,False,False,True,False,False,3,688,8.190476092970522,1,0,0,0.9048625773681552
job_000306,HVAC,AC Repair,27755,2026-04,AC unit repair and maintenance,222,2764,1493,1200.0,Within 1-2 weeks,medium,medium,routine,False,False,False,False,False,False,False,True,False,False,False,False,False,False,False,False,False,False,False,True,4,2542,11.450450398871846,1,0,0,1.244166665629861
job_000308,Chimney,Chimney,62749,2026-01,Chimney,198,1786,992,943.0,Within 1 month,medium,medium,routine,False,True,False,False,False,False,False,False,False,False,False,False,False,False,False,False,False,False,True,False,1,1588,8.02020197969595,0,0,0,1.0519618228505176
job_000311,Plumbing,Fixture Installation,94392,2026-02,Replace kitchen sink shutoff valve (you supply valve),94,1638,866,723.0,Within 1 month,medium,medium,routine,False,False,False,False,False,False,False,False,False,False,False,False,False,True,False,False,False,False,True,False,2,1544,16.425531740153918,1,0,0,1.197786996960184
job_000312,Handyman,Handyman,23397,2026-02,Handyman,84,555,319,338.0,Within 1 month,medium,medium,routine,False,False,False,False,False,False,False,False,True,False,False,False,False,False,False,False,False,False,True,False,2,471,5.6071427903911575,1,0,0,0.9437869794562516
job_000313,Roofing,Roofing,16726,2026-01,Roofing,165,1604,884,881.0,I'm flexible,medium,medium,routine,False,False,False,False,False,False,False,False,False,False,False,False,False,False,False,False,True,True,False,False,1,1439,8.72121206835629,0,0,0,1.0034052202004482
job_000314,Pool,Pool,18624,2026-04,Pool,239,1868,1053,1022.0,Within 1-2 weeks,medium,medium,routine,False,False,False,False,False,False,False,False,False,False,False,False,False,False,True,False,False,False,False,True,4,1629,6.81589955307155,0,0,0,1.0303326800094592
job_000315,General Contractor,General Contractor,46577,2026-02,General Contractor,844,7665,4254,4036.0,I'm flexible,medium,medium,routine,False,False,False,False,False,False,True,False,False,False,False,False,False,False,False,False,False,True,False,False,2,6821,8.081753544926832,0,0,1,1.054013874862732
job_000316,HVAC,Thermostat,55817,2026-04,Furnace service before winter,179,3735,1957,2105.0,Within 1 month,medium,medium,routine,False,False,False,False,False,False,False,True,False,False,False,False,False,False,False,False,False,False,True,False,4,3556,19.865921676726696,1,0,0,0.9296912109597667
job_000317,Appliance Repair,Appliance Repair,20829,2026-04,Appliance Repair,233,2363,1298,1183.0,I'm flexible,medium,medium,routine,False,False,False,False,False,False,False,False,False,False,False,False,False,False,False,False,False,True,False,False,4,2130,9.141630862053086,0,0,0,1.097210480898385
job_000319,Moving,Moving,34609,2026-03,Moving,246,2346,1296,1186.0,As soon as possible,medium,medium,routine,False,False,False,False,False,False,False,False,False,False,True,False,False,False,False,False,False,False,False,False,3,2100,8.536585331152093,0,0,0,1.092748734323146
job_000320,Cleaning,Window Washing,53891,2026-04,Carpet cleaning entire house,90,1064,577,638.0,Within 1-2 weeks,medium,medium,routine,False,False,True,False,False,False,False,False,False,False,False,False,False,False,False,False,False,False,False,True,4,974,10.82222210197531,1,0,0,0.9043887133160051
job_000321,General Contractor,General Contractor,50035,2026-02,General Contractor,839,7880,4359,3554.0,Within 1 month,medium,medium,routine,False,False,False,False,False,False,True,False,False,False,False,False,False,False,False,False,False,False,True,False,2,7041,8.39213348225014,0,0,1,1.2265053457438084
job_000323,Painting,Exterior,93404,2026-03,Paint interior bedroom walls,240,2757,1498,1678.0,I'm flexible,medium,medium,routine,False,False,False,False,False,False,False,False,False,False,False,True,False,False,False,False,False,True,False,False,3,2517,10.487499956302084,0,0,0,0.8927294392772768
job_000324,Moving,Moving,85548,2026-01,Moving,229,2222,1225,1370.0,Within 1-2 weeks,medium,medium,routine,False,False,False,False,False,False,False,False,False,False,True,False,False,False,False,False,False,False,False,True,1,1993,8.703056730554337,0,0,0,0.8941605832889338
job_000325,Flooring,Flooring,45412,2026-02,Flooring,207,2422,1314,1267.0,As soon as possible,medium,medium,routine,False,False,False,False,False,True,False,False,False,False,False,False,False,False,False,False,False,False,False,False,2,2215,10.700483040094285,0,0,0,1.0370955003653546
job_000327,Pest Control,General,62856,2026-02,General pest control service,272,2482,1377,1636.0,Within 1-2 weeks,medium,medium,routine,False,False,False,False,False,False,False,False,False,False,False,False,True,False,False,False,False,False,False,True,2,2210,8.124999970128677,0,0,0,0.8416870410503134
job_000328,Roofing,Roofing,68944,2026-04,Roofing,185,1781,983,1147.0,Within 1 month,medium,medium,routine,False,False,False,False,False,False,False,False,False,False,False,False,False,False,False,False,True,False,True,False,4,1596,8.627026980394449,0,0,0,0.8570183078840293
job_000329,Exterior,Exterior,36654,2026-04,Exterior,615,2402,1508,1545.0,Within 1 month,medium,medium,routine,False,False,False,False,True,False,False,False,False,False,False,False,False,False,False,False,False,False,True,False,4,1787,2.905691052185868,1,0,0,0.9760517793035263
job_000330,General Contractor,General Contractor,31748,2026-02,General Contractor,787,9119,4953,4358.0,Within 1-2 weeks,medium,medium,routine,False,False,False,False,False,False,True,False,False,False,False,False,False,False,False,False,False,False,False,True,2,8332,10.587039376636545,0,0,1,1.1365305183257157
job_000332,Exterior,Exterior,26217,2026-03,Exterior,609,3688,2148,2574.0,As soon as possible,medium,medium,routine,False,False,False,False,True,False,False,False,False,False,False,False,False,False,False,False,False,False,False,False,3,3079,5.055829219941167,1,0,0,0.8344988341746314
job_000334,Appliance Repair,Appliance Repair,27810,2026-03,Appliance Repair,242,2281,1261,1429.0,Within 1-2 weeks,medium,medium,routine,False,False,False,False,False,False,False,False,False,False,False,False,False,False,False,False,False,False,False,True,3,2039,8.425619799894132,0,0,0,0.8824352688016548
job_000336,Electrical,Outlet Installation,33784,2026-04,Repair faulty electrical panel,187,1866,1026,1119.0,Within 1 month,medium,medium,routine,False,False,False,True,False,False,False,False,False,False,False,False,False,False,False,False,False,False,True,False,4,1679,8.978609577654494,1,0,0,0.9168900796095709
job_000337,Plumbing,Fixture Installation,91517,2026-02,Fix leaking bathroom faucet,107,1560,833,766.0,Within 1-2 weeks,medium,medium,routine,False,False,False,False,False,False,False,False,False,False,False,False,False,True,False,False,False,False,False,True,2,1453,13.579439125425802,1,0,0,1.0874673615046118
job_000338,Electrical,Lighting,44410,2026-02,Install new outlets in kitchen,127,2195,1161,1384.0,Within 1 month,medium,medium,routine,False,False,False,True,False,False,False,False,False,False,False,False,False,False,False,False,False,False,True,False,2,2068,16.28346443871288,1,0,0,0.8388728317638201
job_000339,Painting,Interior,48533,2026-03,Paint interior bedroom walls,326,2586,1456,1441.0,Within 1-2 weeks,medium,medium,routine,False,False,False,False,False,False,False,False,False,False,False,True,False,False,False,False,False,False,False,True,3,2260,6.932515316157929,0,0,0,1.0104094371891676
job_000340,Pool,Pool,29862,2026-02,Pool,194,2251,1222,1131.0,Within 1 month,medium,medium,routine,False,False,False,False,False,False,False,False,False,False,False,False,False,False,True,False,False,False,True,False,2,2057,10.603092728850038,0,0,0,1.0804597691596287
job_000343,Electrical,Panel Upgrade,91140,2026-03,Install ceiling fan,184,1976,1080,1214.0,As soon as possible,medium,medium,routine,False,False,False,True,False,False,False,False,False,False,False,False,False,False,False,False,False,False,False,False,3,1792,9.739130381852553,1,0,0,0.8896210865818607
job_000344,Remodeling,Remodeling,28958,2026-02,Remodeling,240,2164,1202,987.0,I'm flexible,medium,medium,routine,False,False,False,False,False,False,False,False,False,False,False,False,False,False,False,True,False,True,False,False,2,1924,8.016666633263888,0,0,0,1.2178318123426224
job_000345,Appliance Repair,Appliance Repair,22721,2026-04,Appliance Repair,153,1754,953,870.0,Within 1-2 weeks,medium,medium,routine,False,False,False,False,False,False,False,False,False,False,False,False,False,False,False,False,False,False,False,True,4,1601,10.4640522191892,0,0,0,1.0954022975914917
job_000347,Moving,Moving,78636,2026-02,Moving,203,1923,1063,1148.0,Within 1-2 weeks,medium,medium,routine,False,False,False,False,False,False,False,False,False,False,True,False,False,False,False,False,False,False,False,True,2,1720,8.472906362202432,0,0,0,0.9259581873467262
job_000348,Appliance Repair,Appliance Repair,26909,2026-01,Appliance Repair,226,1652,939,1059.0,Within 1 month,medium,medium,routine,False,False,False,False,False,False,False,False,False,False,False,False,False,False,False,False,False,False,True,False,1,1426,6.309734485355158,0,0,0,0.8866855515706462
job_000350,Handyman,Handyman,81352,2026-04,Handyman,81,448,264,264.0,Within 1-2 weeks,medium,medium,routine,False,False,False,False,False,False,False,False,True,False,False,False,False,False,False,False,False,False,False,True,4,367,4.53086414159427,1,0,0,0.9999999962121212
job_000351,Auto,Auto,63360,2026-01,Auto,232,2445,1338,1342.0,As soon as possible,medium,medium,routine,True,False,False,False,False,False,False,False,False,False,False,False,False,False,False,False,False,False,False,False,1,2213,9.538793062332788,0,0,0,0.9970193733256189
job_000352,Cleaning,Carpet Cleaning,32308,2026-03,Carpet cleaning entire house,109,962,535,507.0,Within 1-2 weeks,medium,medium,routine,False,False,True,False,False,False,False,False,False,False,False,False,False,False,False,False,False,False,False,True,3,853,7.825688001599193,1,0,0,1.0552268223762784
job_000355,Handyman,Handyman,42139,2026-01,Handyman,74,518,296,352.0,As soon as possible,medium,medium,routine,False,False,False,False,False,False,False,False,True,False,False,False,False,False,False,False,False,False,False,False,1,444,5.99999991891892,1,0,0,0.8409090885201447
job_000356,Painting,Interior,45412,2026-01,Exterior house painting,245,2086,1165,1033.0,Within 1-2 weeks,medium,medium,routine,False,False,False,False,False,False,False,False,False,False,False,True,False,False,False,False,False,False,False,True,1,1841,7.51428568361516,0,0,0,1.1277831547649726
job_000357,General Contractor,General Contractor,44410,2026-04,General Contractor,909,9526,5217,6187.0,I'm flexible,medium,medium,routine,False,False,False,False,False,False,True,False,False,False,False,False,False,False,False,False,False,True,False,False,4,8617,9.479647954367824,0,0,1,0.8432196539771747
job_000358,Roofing,Roofing,84072,2026-01,Roofing,160,1872,1016,1210.0,I'm flexible,medium,medium,routine,False,False,False,False,False,False,False,False,False,False,False,False,False,False,False,False,True,True,False,False,1,1712,10.699999933125001,0,0,0,0.8396694207936616
job_000359,Remodeling,Remodeling,87077,2026-03,Remodeling,163,2251,1207,1386.0,Within 1-2 weeks,medium,medium,routine,False,False,False,False,False,False,False,False,False,False,False,False,False,False,False,True,False,False,False,True,3,2088,12.809815872332418,0,0,0,0.8708513702230509
job_000361,General Contractor,General Contractor,76813,2026-01,General Contractor,1071,8684,4877,4294.0,Within 1-2 weeks,medium,medium,routine,False,False,False,False,False,False,True,False,False,False,False,False,False,False,False,False,False,False,False,True,1,7613,7.108309984025854,0,0,1,1.1357708427722937
job_000364,Pool,Pool,77985,2026-01,Pool,188,2053,1120,1237.0,I'm flexible,medium,medium,routine,False,False,False,False,False,False,False,False,False,False,False,False,False,False,True,False,False,True,False,False,1,1865,9.920212713190358,0,0,0,0.9054163290982891
job_000365,Auto,Auto,61104,2026-02,Auto,163,2140,1151,1237.0,I'm flexible,medium,medium,routine,True,False,False,False,False,False,False,False,False,False,False,False,False,False,False,False,False,True,False,False,2,1977,12.128834281418195,0,0,0,0.930476959635831
job_000366,Pest Control,Rodents,97783,2026-04,General pest control service,347,2057,1202,1392.0,I'm flexible,medium,medium,routine,False,False,False,False,False,False,False,False,False,False,False,False,True,False,False,False,False,True,False,False,4,1710,4.927953876288317,0,0,0,0.8635057465061021
job_000367,General Contractor,General Contractor,71776,2026-02,General Contractor,826,10809,5817,5827.0,I'm flexible,medium,medium,routine,False,False,False,False,False,False,True,False,False,False,False,False,False,False,False,False,False,True,False,False,2,9983,12.085956401832982,0,0,1,0.9982838508669497
job_000371,Landscaping,Landscaping,41940,2026-02,Landscaping,244,1657,950,818.0,Within 1 month,medium,medium,routine,False,False,False,False,False,False,False,False,False,True,False,False,False,False,False,False,False,False,True,False,2,1413,5.790983582823838,1,0,0,1.1613691917342674
job_000372,Landscaping,Landscaping,44604,2026-04,Landscaping,170,1171,670,591.0,Within 1-2 weeks,medium,medium,routine,False,False,False,False,False,False,False,False,False,True,False,False,False,False,False,False,False,False,False,True,4,1001,5.888235259480969,1,0,0,1.1336717408905723
job_000373,Moving,Moving,69081,2026-03,Moving,241,1679,960,1116.0,Within 1-2 weeks,medium,medium,routine,False,False,False,False,False,False,False,False,False,False,True,False,False,False,False,False,False,False,False,True,3,1438,5.966804954494585,0,0,0,0.8602150529926388
job_000375,Appliance Repair,Appliance Repair,95770,2026-04,Appliance Repair,174,2162,1168,954.0,I'm flexible,medium,medium,routine,False,False,False,False,False,False,False,False,False,False,False,False,False,False,False,False,False,True,False,False,4,1988,11.425287290659268,0,0,0,1.2243186569975695
job_000376,Auto,Auto,85705,2026-04,Auto,236,1669,952,817.0,I'm flexible,medium,medium,routine,True,False,False,False,False,False,False,False,False,False,False,False,False,False,False,False,False,True,False,False,4,1433,6.072033872576128,0,0,0,1.1652386766643346
job_000377,Moving,Moving,58032,2026-04,Moving,206,2253,1229,1141.0,I'm flexible,medium,medium,routine,False,False,False,False,False,False,False,False,False,False,True,False,False,False,False,False,False,True,False,False,4,2047,9.93689315564615,0,0,0,1.077125327715052
job_000378,Chimney,Chimney,54406,2026-02,Chimney,243,2355,1299,1453.0,Within 1-2 weeks,medium,medium,routine,False,True,False,False,False,False,False,False,False,False,False,False,False,False,False,False,False,False,False,True,2,2112,8.691357988924453,0,0,0,0.8940123875471353
job_000380,Landscaping,Landscaping,99903,2026-01,Landscaping,155,1323,739,712.0,Within 1-2 weeks,medium,medium,routine,False,False,False,False,False,False,False,False,False,True,False,False,False,False,False,False,False,False,False,True,1,1168,7.5354838223517175,1,0,0,1.037921346856852
job_000382,Chimney,Chimney,35001,2026-02,Chimney,204,1938,1071,1147.0,I'm flexible,medium,medium,routine,False,True,False,False,False,False,False,False,False,False,False,False,False,False,False,False,False,True,False,False,2,1734,8.499999958333333,0,0,0,0.9337401909906362
job_000383,Pool,Pool,35547,2026-02,Pool,163,1798,980,993.0,I'm flexible,medium,medium,routine,False,False,False,False,False,False,False,False,False,False,False,False,False,False,True,False,False,True,False,False,2,1635,10.030674785087886,0,0,0,0.9869083575157016
job_000384,Painting,Cabinet,55941,2026-01,Trim painting,234,2474,1354,1437.0,Within 1-2 weeks,medium,medium,routine,False,False,False,False,False,False,False,False,False,False,False,True,False,False,False,False,False,False,False,True,1,2240,9.572649531740813,0,0,0,0.942240778745831
job_000385,Moving,Moving,38573,2026-01,Moving,230,2032,1131,1193.0,Within 1-2 weeks,medium,medium,routine,False,False,False,False,False,False,False,False,False,False,True,False,False,False,False,False,False,False,False,True,1,1802,7.83478257463138,0,0,0,0.9480301752321624
job_000386,Pool,Pool,88825,2026-01,Pool,185,2461,1323,1231.0,As soon as possible,medium,medium,routine,False,False,False,False,False,False,False,False,False,False,False,False,False,False,True,False,False,False,False,False,1,2276,12.302702636201607,0,0,0,1.0747359861293777
job_000387,Pest Control,General,62348,2026-03,Rodent control and sealing,371,1522,946,802.0,As soon as possible,medium,medium,routine,False,False,False,False,False,False,False,False,False,False,False,False,True,False,False,False,False,False,False,False,3,1151,3.102425867648448,0,0,0,1.1795511207237517
job_000389,Pool,Pool,65697,2026-04,Pool,226,2044,1135,972.0,Within 1-2 weeks,medium,medium,routine,False,False,False,False,False,False,False,False,False,False,False,False,False,False,True,False,False,False,False,True,4,1818,8.044247752016602,0,0,0,1.167695472049696
job_000390,Pest Control,Bed Bugs,26792,2026-02,Rodent control and sealing,308,1717,1012,836.0,As soon as possible,medium,medium,routine,False,False,False,False,False,False,False,False,False,False,False,False,True,False,False,False,False,False,False,False,2,1409,4.574675309822482,0,0,0,1.2105263143414757
job_000391,Pool,Pool,62650,2026-03,Pool,216,2013,1114,1028.0,As soon as possible,medium,medium,routine,False,False,False,False,False,False,False,False,False,False,False,False,False,False,True,False,False,False,False,False,3,1797,8.319444405928499,0,0,0,1.0836575864944964
job_000394,Flooring,Flooring,60595,2026-02,Flooring,206,2387,1296,1222.0,As soon as possible,medium,medium,routine,False,False,False,False,False,True,False,False,False,False,False,False,False,False,False,False,False,False,False,False,2,2181,10.587378589381657,0,0,0,1.060556463943898
job_000395,HVAC,AC Repair,43065,2026-01,Install new thermostat,203,3564,1883,2126.0,Within 1 month,medium,medium,routine,False,False,False,False,False,False,False,True,False,False,False,False,False,False,False,False,False,False,True,False,1,3361,16.556650164745566,1,0,0,0.8857008462437909
job_000396,Handyman,Handyman,24851,2026-02,Handyman,85,442,263,287.0,Within 1-2 weeks,medium,medium,routine,False,False,False,False,False,False,False,False,True,False,False,False,False,False,False,False,False,False,False,True,2,357,4.199999950588236,1,0,0,0.9163763034272603
job_000398,Handyman,Handyman,42962,2026-04,Handyman,66,588,327,292.0,I'm flexible,medium,medium,routine,False,False,False,False,False,False,False,False,True,False,False,False,False,False,False,False,False,True,False,False,4,522,7.909090789256201,1,0,0,1.1198630098634828
job_000399,Landscaping,Landscaping,55941,2026-01,Landscaping,200,1575,887,906.0,Within 1 month,medium,medium,routine,False,False,False,False,False,False,False,False,False,True,False,False,False,False,False,False,False,False,True,False,1,1375,6.874999965625,1,0,0,0.9790286964911383
job_000400,Remodeling,Remodeling,80425,2026-02,Remodeling,223,2070,1146,1164.0,I'm flexible,medium,medium,routine,False,False,False,False,False,False,False,False,False,False,False,False,False,False,False,True,False,True,False,False,2,1847,8.282511173621026,0,0,0,0.9845360816284053
job_000402,Painting,Interior,83366,2026-04,Trim painting,325,2865,1595,1828.0,As soon as possible,medium,medium,routine,False,False,False,False,False,False,False,False,False,False,False,True,False,False,False,False,False,False,False,False,4,2540,7.815384591337279,0,0,0,0.8725382927393116
job_000403,Auto,Auto,75835,2026-04,Auto,238,1969,1103,1169.0,I'm flexible,medium,medium,routine,True,False,False,False,False,False,False,False,False,False,False,False,False,False,False,False,False,True,False,False,4,1731,7.273109213138197,0,0,0,0.9435414876445324
job_000404,Appliance Repair,Appliance Repair,92110,2026-02,Appliance Repair,170,2487,1328,1200.0,Within 1-2 weeks,medium,medium,routine,False,False,False,False,False,False,False,False,False,False,False,False,False,False,False,False,False,False,False,True,2,2317,13.629411684532872,0,0,0,1.1066666657444444
job_000409,Electrical,Lighting,91508,2026-04,Install new outlets in kitchen,150,1710,930,787.0,Within 1 month,medium,medium,routine,False,False,False,True,False,False,False,False,False,False,False,False,False,False,False,False,False,False,True,False,4,1560,10.399999930666667,1,0,0,1.1817026668593358
